<?xml version="1.0" encoding="UTF-8"?>
<root>
  <item name="com.android.ex.chips.DropdownChipLayouter int getAlternateItemLayoutResId(com.android.ex.chips.DropdownChipLayouter.AdapterType)">
    <annotation name="android.support.annotation.LayoutRes" />
  </item>
  <item name="com.android.ex.chips.DropdownChipLayouter int getDefaultPhotoResId()">
    <annotation name="android.support.annotation.DrawableRes" />
  </item>
  <item name="com.android.ex.chips.DropdownChipLayouter int getDeleteResId()">
    <annotation name="android.support.annotation.IdRes" />
  </item>
  <item name="com.android.ex.chips.DropdownChipLayouter int getDestinationResId()">
    <annotation name="android.support.annotation.IdRes" />
  </item>
  <item name="com.android.ex.chips.DropdownChipLayouter int getDestinationTypeResId()">
    <annotation name="android.support.annotation.IdRes" />
  </item>
  <item name="com.android.ex.chips.DropdownChipLayouter int getDisplayNameResId()">
    <annotation name="android.support.annotation.IdRes" />
  </item>
  <item name="com.android.ex.chips.DropdownChipLayouter int getItemLayoutResId(com.android.ex.chips.DropdownChipLayouter.AdapterType)">
    <annotation name="android.support.annotation.LayoutRes" />
  </item>
  <item name="com.android.ex.chips.DropdownChipLayouter int getPhotoResId()">
    <annotation name="android.support.annotation.IdRes" />
  </item>
</root>

